<?xml version="1.0"?>
<!--
/**
 * Licensed to the Apache Software Foundation (ASF) under one
 * or more contributor license agreements.  See the NOTICE file
 * distributed with this work for additional information
 * regarding copyright ownership.  The ASF licenses this file
 * to you under the Apache License, Version 2.0 (the
 * "License"); you may not use this file except in compliance
 * with the License.  You may obtain a copy of the License at
 *
 *     http://www.apache.org/licenses/LICENSE-2.0
 *
 * Unless required by applicable law or agreed to in writing, software
 * distributed under the License is distributed on an "AS IS" BASIS,
 * WITHOUT WARRANTIES OR CONDITIONS OF ANY KIND, either express or implied.
 * See the License for the specific language governing permissions and
 * limitations under the License.
 */
-->

<component>
  <!-- Resources that both bin and source package include -->
  <fileSets>
    <fileSet>
      <directory>${project.basedir}/..</directory>
      <outputDirectory>.</outputDirectory>
      <includes>
        <include>NOTICE.txt</include>
        <include>LICENSE.txt</include>
        <include>README.md</include>
        <include>README_packaging.txt</include>
      </includes>
      <fileMode>${rw.file.permission}</fileMode>
    </fileSet>
    <fileSet>
      <directory>${project.basedir}/../conf</directory>
      <outputDirectory>conf</outputDirectory>
      <fileMode>${rw.file.permission}</fileMode>
      <directoryMode>${rwx.file.permission}</directoryMode>
    </fileSet>
    <fileSet>
      <directory>${project.basedir}/../bin</directory>
      <outputDirectory>bin</outputDirectory>
      <fileMode>${rwx.file.permission}</fileMode>
      <directoryMode>${rwx.file.permission}</directoryMode>
    </fileSet>
  </fileSets>
</component>
