<?xml version="1.0" encoding="UTF-8"?>
<beans xmlns="http://www.springframework.org/schema/beans"
       xmlns:xsi="http://www.w3.org/2001/XMLSchema-instance"
       xmlns:p="http://www.springframework.org/schema/p"
       xmlns:context="http://www.springframework.org/schema/context"
       xmlns:dubbo="http://code.alibabatech.com/schema/dubbo"
       xmlns:mvc="http://www.springframework.org/schema/mvc" xmlns:tx="http://www.springframework.org/schema/tx"
       xsi:schemaLocation="http://www.springframework.org/schema/beans
		http://www.springframework.org/schema/beans/spring-beans.xsd
         http://www.springframework.org/schema/mvc
         http://www.springframework.org/schema/mvc/spring-mvc.xsd
         http://code.alibabatech.com/schema/dubbo
         http://code.alibabatech.com/schema/dubbo/dubbo.xsd
         http://www.springframework.org/schema/context
         http://www.springframework.org/schema/context/spring-context.xsd http://www.springframework.org/schema/tx http://www.springframework.org/schema/tx/spring-tx.xsd">

    <!--每个dubbo应用(服务提供方和服务消费方)都必须指定一个唯一的名称-->
    <dubbo:application name="dubbodemo_provider"></dubbo:application>
    <!--指定服务的注册中心-->
    <dubbo:registry address="zookeeper://localhost:2181"></dubbo:registry>
    <!--配置协议和端口-->
    <dubbo:protocol name="dubbo" port="20881"></dubbo:protocol>
    <!--指定包扫描，用于发布dubbo服务  com.sun.proxy.$Proxy42-->
    <dubbo:annotation package="com.itheima.service.impl"></dubbo:annotation>


    <!-- 事务管理器  -->

    <!--开启事务控制的注解支持-->

</beans>